t_year,1_para,2_para,3_para,4_perp,5_perp,6_perp
0,-122.796,-122.796,-122.796,-122.796,-122.796,-122.796
0.025,-146.85,-117.084,-121.399,-146.039,-116.913,-121.117
0.05,-193.913,-111.034,-119.156,-191.861,-110.728,-118.699
0.075,-238.785,-109.599,-116.11,-239.633,-110.043,-115.632
0.1,-269.731,-112.072,-112.738,-271.254,-114.073,-112.274
0.125,-293.402,-117.786,-109.258,-295.285,-121.688,-108.801
0.15,-313.481,-125.886,-105.812,-315.933,-131.575,-105.328
0.175,-330.927,-135.58,-102.486,-334.794,-143.054,-101.854
0.2,-346.844,-146.271,-99.1596,-352.092,-155.021,-98.4848
0.225,-361.722,-157.773,-96.2277,-367.74,-167.206,-95.5564
0.25,-375.277,-169.274,-93.3919,-382.233,-179.391,-92.9376
0.275,-388.222,-180.52,-90.9126,-395.631,-191.389,-90.5411
0.3,-400.423,-191.741,-88.5929,-407.99,-202.317,-88.5404
0.325,-411.506,-202.294,-86.5224,-419.189,-212.495,-86.8069
0.35,-422.058,-212.367,-84.6397,-429.338,-222.137,-85.2607
0.375,-431.502,-221.359,-82.993,-438.586,-230.644,-84.0855
0.4,-440.056,-229.592,-81.5682,-446.883,-238.41,-83.1453
0.425,-447.698,-236.962,-80.1433,-454.296,-245.385,-82.2051
0.45,-454.564,-243.601,-78.9596,-460.984,-251.695,-81.5471
0.475,-460.753,-249.59,-77.8313,-467.039,-257.43,-80.9538
0.5,-466.291,-254.954,-76.7663,-472.494,-262.617,-80.4275
0.525,-471.208,-259.733,-75.8654,-477.386,-267.28,-80.0747
0.55,-475.351,-263.767,-74.9644,-481.568,-271.296,-79.7218
0.575,-478.963,-267.296,-74.0634,-485.264,-274.863,-79.3689
0.6,-482.089,-270.361,-73.2389,-488.513,-278.018,-79.0541
0.625,-484.763,-272.996,-72.4981,-491.343,-280.785,-78.7812
0.65,-486.991,-275.209,-71.7574,-493.757,-283.164,-78.5083
0.675,-488.75,-276.974,-71.0166,-495.721,-285.133,-78.2354
0.7,-490.182,-278.432,-70.2759,-497.376,-286.815,-77.9625
0.725,-491.318,-279.61,-69.5724,-498.741,-288.229,-77.6896
0.75,-492.187,-280.536,-68.9228,-499.835,-289.395,-77.4167
0.775,-492.78,-281.199,-68.2733,-500.649,-290.294,-77.1438
0.8,-493.123,-281.631,-67.6237,-501.209,-290.956,-76.871
0.825,-493.224,-281.835,-66.9742,-501.58,-291.378,-76.5981
0.85,-493.193,-281.91,-66.3246,-501.743,-291.665,-76.2777
0.875,-493.137,-281.962,-65.6751,-501.694,-291.925,-75.8648
0.9,-492.755,-281.708,-65.0255,-501.646,-291.844,-75.4518
0.925,-492.373,-281.454,-64.4289,-501.326,-291.762,-75.0389
0.95,-491.857,-281.073,-63.845,-500.94,-291.529,-74.626
0.975,-491.225,-280.582,-63.2612,-500.487,-291.164,-74.1848
1,-490.592,-280.091,-62.6774,-499.851,-290.799,-73.6671
1.025,-489.749,-279.402,-62.0935,-499.215,-290.223,-73.1493
1.05,-488.907,-278.714,-61.5097,-498.442,-289.647,-72.6316
1.075,-488.064,-278.025,-60.9258,-497.62,-288.982,-72.1138
1.1,-487.189,-277.305,-60.342,-496.765,-288.218,-71.5809
1.125,-486.187,-276.465,-59.7581,-495.78,-287.453,-70.9877
1.15,-485.185,-275.625,-59.2343,-494.795,-286.688,-70.3944
1.175,-484.184,-274.784,-58.7147,-493.81,-285.823,-69.8012
1.2,-483.141,-273.904,-58.1952,-492.772,-284.907,-69.208
1.225,-482.039,-272.964,-57.6756,-491.653,-283.992,-68.6148
1.25,-480.936,-272.024,-57.156,-490.534,-283.077,-68.0216
1.275,-479.833,-271.085,-56.6364,-489.416,-282.072,-67.4284
1.3,-478.73,-270.145,-56.1168,-488.297,-281.053,-66.8287
1.325,-477.627,-269.205,-55.5972,-487.152,-280.034,-66.2246
1.35,-476.523,-268.263,-55.0813,-485.951,-279.015,-65.6205
1.375,-475.399,-267.299,-54.6198,-484.75,-277.996,-65.0164
1.4,-474.274,-266.335,-54.1583,-483.549,-276.977,-64.4123
1.425,-473.149,-265.371,-53.6968,-482.348,-275.941,-63.8083
1.45,-472.024,-264.407,-53.2353,-481.147,-274.891,-63.2042
1.475,-470.899,-263.443,-52.7738,-479.947,-273.841,-62.6001
1.5,-469.775,-262.479,-52.3123,-478.746,-272.791,-61.996
1.525,-468.65,-261.515,-51.8508,-477.545,-271.74,-61.3919
1.55,-467.525,-260.551,-51.3893,-476.344,-270.69,-60.7879
1.575,-466.4,-259.587,-50.9381,-475.147,-269.64,-60.1838
1.6,-465.276,-258.623,-50.5295,-473.962,-268.59,-59.5797
1.625,-464.151,-257.659,-50.121,-472.778,-267.539,-58.9756
1.65,-463.026,-256.695,-49.7124,-471.594,-266.489,-58.3715
1.675,-461.901,-255.731,-49.3038,-470.409,-265.439,-57.7675
1.7,-460.777,-254.767,-48.8953,-469.225,-264.389,-57.1712
1.725,-459.652,-253.803,-48.4867,-468.04,-263.339,-56.6304
1.75,-458.527,-252.839,-48.0781,-466.856,-262.288,-56.0895
1.775,-457.402,-251.875,-47.6696,-465.672,-261.238,-55.5486
1.8,-456.3,-250.911,-47.261,-464.487,-260.188,-55.0077
1.825,-455.244,-249.947,-46.8552,-463.303,-259.138,-54.4669
1.85,-454.188,-248.983,-46.4963,-462.119,-258.088,-53.926
1.875,-453.132,-248.019,-46.1374,-460.981,-257.037,-53.3851
1.9,-452.076,-247.092,-45.7785,-459.855,-255.987,-52.8442
1.925,-451.02,-246.198,-45.4196,-458.729,-254.937,-52.3034
1.95,-449.964,-245.303,-45.0608,-457.604,-253.887,-51.7625
1.975,-448.908,-244.409,-44.7019,-456.478,-252.837,-51.2788
2,-447.852,-243.515,-44.343,-455.353,-251.84,-50.7959
2.025,-446.822,-242.621,-43.9841,-454.227,-250.865,-50.3131
2.05,-445.825,-241.727,-43.6252,-453.102,-249.89,-49.8302
2.075,-444.828,-240.833,-43.2663,-451.976,-248.915,-49.3474
2.1,-443.83,-239.938,-42.9075,-450.904,-247.94,-48.8645
2.125,-442.833,-239.044,-42.5776,-449.837,-246.965,-48.3817
2.15,-441.835,-238.17,-42.2635,-448.77,-245.99,-47.8989
2.175,-440.838,-237.329,-41.9495,-447.704,-245.014,-47.416
2.2,-439.841,-236.488,-41.6354,-446.637,-244.039,-46.9332
2.225,-438.843,-235.647,-41.3213,-445.57,-243.064,-46.4961
2.25,-437.846,-234.806,-41.0072,-444.503,-242.118,-46.0671
2.275,-436.865,-233.965,-40.6931,-443.436,-241.194,-45.6382
2.3,-435.922,-233.124,-40.379,-442.369,-240.269,-45.2093
2.325,-434.978,-232.283,-40.0649,-441.302,-239.345,-44.7804
2.35,-434.035,-231.442,-39.7508,-440.278,-238.42,-44.3515
2.375,-433.092,-230.602,-39.4367,-439.266,-237.496,-43.9226
2.4,-432.148,-229.761,-39.1226,-438.254,-236.571,-43.4936
2.425,-431.205,-228.92,-38.8086,-437.242,-235.647,-43.0647
2.45,-430.261,-228.125,-38.534,-436.23,-234.722,-42.6358
2.475,-429.318,-227.331,-38.2605,-435.218,-233.798,-42.2431
2.5,-428.375,-226.537,-37.9869,-434.207,-232.894,-41.8653
2.525,-427.439,-225.743,-37.7133,-433.195,-232.016,-41.4874
2.55,-426.542,-224.95,-37.4398,-432.183,-231.138,-41.1096
2.575,-425.645,-224.156,-37.1662,-431.171,-230.26,-40.7318
2.6,-424.747,-223.362,-36.8927,-430.188,-229.382,-40.3539
2.625,-423.85,-222.568,-36.6191,-429.223,-228.504,-39.9761
2.65,-422.952,-221.775,-36.3455,-428.257,-227.626,-39.5982
2.675,-422.055,-220.981,-36.072,-427.291,-226.748,-39.2204
2.7,-421.157,-220.187,-35.7984,-426.325,-225.87,-38.8426
2.725,-420.26,-219.393,-35.5248,-425.36,-224.992,-38.4647
2.75,-419.363,-218.612,-35.2513,-424.394,-224.114,-38.1011
2.775,-418.465,-217.858,-34.9791,-423.428,-223.237,-37.7702
2.8,-417.568,-217.104,-34.7419,-422.462,-222.401,-37.4392
2.825,-416.702,-216.351,-34.5047,-421.497,-221.566,-37.1082
2.85,-415.845,-215.597,-34.2675,-420.531,-220.73,-36.7773
2.875,-414.988,-214.843,-34.0303,-419.575,-219.894,-36.4463
2.9,-414.132,-214.09,-33.7931,-418.651,-219.058,-36.1154
2.925,-413.275,-213.336,-33.5559,-417.728,-218.222,-35.7844
2.95,-412.419,-212.582,-33.3187,-416.804,-217.386,-35.4535
2.975,-411.562,-211.828,-33.0815,-415.88,-216.551,-35.1225
3,-410.705,-211.075,-32.8443,-414.956,-215.715,-34.7915
3.025,-409.849,-210.321,-32.6071,-414.032,-214.879,-34.4606
3.05,-408.992,-209.567,-32.3699,-413.109,-214.043,-34.1685
3.075,-408.135,-208.814,-32.1327,-412.185,-213.207,-33.8808
3.1,-407.279,-208.072,-31.8955,-411.261,-212.371,-33.5931
3.125,-406.422,-207.351,-31.6582,-410.337,-211.539,-33.3054
3.15,-405.565,-206.63,-31.421,-409.414,-210.74,-33.0177
3.175,-404.737,-205.909,-31.2112,-408.49,-209.94,-32.7299
3.2,-403.914,-205.188,-31.0069,-407.566,-209.141,-32.4422
3.225,-403.092,-204.467,-30.8025,-406.652,-208.341,-32.1545
3.25,-402.269,-203.746,-30.5982,-405.764,-207.542,-31.8668
3.275,-401.447,-203.025,-30.3939,-404.875,-206.742,-31.5791
3.3,-400.624,-202.304,-30.1896,-403.986,-205.943,-31.2913
3.325,-399.801,-201.583,-29.9853,-403.098,-205.143,-31.0036
3.35,-398.979,-200.862,-29.781,-402.209,-204.344,-30.7254
3.375,-398.156,-200.141,-29.5767,-401.32,-203.544,-30.4793
3.4,-397.334,-199.42,-29.3724,-400.432,-202.745,-30.2333
3.425,-396.511,-198.699,-29.1681,-399.543,-201.945,-29.9873
3.45,-395.689,-197.978,-28.9638,-398.654,-201.146,-29.7412
3.475,-394.866,-197.257,-28.7595,-397.766,-200.346,-29.4952
3.5,-394.043,-196.536,-28.5552,-396.877,-199.547,-29.2491
3.525,-393.221,-195.815,-28.3508,-395.988,-198.774,-29.0031
3.55,-392.398,-195.11,-28.1465,-395.1,-198.004,-28.7571
3.575,-391.576,-194.414,-27.9527,-394.211,-197.235,-28.511
3.6,-390.755,-193.718,-27.7779,-393.322,-196.465,-28.265
3.625,-389.958,-193.023,-27.6031,-392.434,-195.695,-28.0189
3.65,-389.161,-192.327,-27.4284,-391.568,-194.926,-27.7729
3.675,-388.363,-191.632,-27.2536,-390.707,-194.156,-27.5269
3.7,-387.566,-190.936,-27.0788,-389.846,-193.387,-27.2916
3.725,-386.769,-190.24,-26.904,-388.986,-192.617,-27.0833
3.75,-385.972,-189.545,-26.7293,-388.125,-191.847,-26.875
3.775,-385.175,-188.849,-26.5545,-387.264,-191.078,-26.6667
3.8,-384.377,-188.153,-26.3797,-386.403,-190.308,-26.4583
3.825,-383.58,-187.458,-26.2049,-385.542,-189.539,-26.25
3.85,-382.783,-186.762,-26.0301,-384.681,-188.769,-26.0417
3.875,-381.986,-186.067,-25.8554,-383.821,-187.999,-25.8334
3.9,-381.188,-185.371,-25.6806,-382.96,-187.23,-25.625
3.925,-380.391,-184.675,-25.5058,-382.099,-186.46,-25.4167
3.95,-379.594,-183.98,-25.331,-381.238,-185.691,-25.2084
3.975,-378.797,-183.284,-25.1562,-380.377,-184.921,-25.0001
4,-377.999,-182.589,-24.9815,-379.516,-184.174,-24.7917
4.025,-377.202,-181.893,-24.824,-378.656,-183.429,-24.5834
4.05,-376.405,-181.197,-24.6773,-377.795,-182.684,-24.3867
4.075,-375.608,-180.502,-24.5307,-376.934,-181.939,-24.2119
4.1,-374.81,-179.806,-24.3841,-376.073,-181.195,-24.037
4.125,-374.013,-179.124,-24.2375,-375.212,-180.45,-23.8622
4.15,-373.216,-178.445,-24.0908,-374.351,-179.705,-23.6874
4.175,-372.419,-177.766,-23.9442,-373.495,-178.961,-23.5125
4.2,-371.621,-177.087,-23.7976,-372.652,-178.216,-23.3377
4.225,-370.824,-176.408,-23.6509,-371.809,-177.471,-23.1629
4.25,-370.033,-175.729,-23.5043,-370.965,-176.727,-22.988
4.275,-369.243,-175.05,-23.3577,-370.122,-175.982,-22.8132
4.3,-368.454,-174.371,-23.2111,-369.278,-175.237,-22.6384
4.325,-367.665,-173.692,-23.0644,-368.435,-174.493,-22.4636
4.35,-366.876,-173.013,-22.9178,-367.591,-173.748,-22.2887
4.375,-366.086,-172.334,-22.7712,-366.748,-173.003,-22.1139
4.4,-365.297,-171.655,-22.6246,-365.905,-172.259,-21.9391
4.425,-364.508,-170.976,-22.4779,-365.061,-171.514,-21.7687
4.45,-363.718,-170.297,-22.3313,-364.218,-170.769,-21.6255
4.475,-362.929,-169.618,-22.1847,-363.374,-170.024,-21.4823
4.5,-362.14,-168.939,-22.038,-362.531,-169.28,-21.3391
4.525,-361.351,-168.26,-21.9001,-361.687,-168.535,-21.1959
4.55,-360.561,-167.581,-21.779,-360.844,-167.792,-21.0526
4.575,-359.772,-166.902,-21.658,-360,-167.064,-20.9094
4.6,-358.983,-166.223,-21.5369,-359.157,-166.336,-20.7662
4.625,-358.193,-165.544,-21.4159,-358.314,-165.608,-20.623
4.65,-357.404,-164.865,-21.2948,-357.47,-164.879,-20.4798
4.675,-356.615,-164.186,-21.1738,-356.627,-164.151,-20.3366
4.7,-355.826,-163.507,-21.0527,-355.783,-163.423,-20.1934
4.725,-355.036,-162.828,-20.9317,-354.94,-162.695,-20.0502
4.75,-354.247,-162.149,-20.8107,-354.096,-161.967,-19.907
4.775,-353.458,-161.47,-20.6896,-353.253,-161.239,-19.7638
4.8,-352.668,-160.791,-20.5686,-352.41,-160.511,-19.6206
4.825,-351.879,-160.112,-20.4475,-351.566,-159.783,-19.4774
4.85,-351.09,-159.433,-20.3265,-350.723,-159.055,-19.3342
4.875,-350.301,-158.754,-20.2054,-349.879,-158.327,-19.1993
4.9,-349.511,-158.075,-20.0844,-349.036,-157.599,-19.0768
4.925,-348.722,-157.396,-19.9633,-348.192,-156.871,-18.9544
4.95,-347.933,-156.717,-19.8423,-347.349,-156.143,-18.8319
4.975,-347.143,-156.038,-19.7212,-346.505,-155.415,-18.7094
5,-346.354,-155.359,-19.6002,-345.662,-154.687,-18.587
